{"Loss Train": 9.0991753700913, "_runtime": 18, "_timestamp": 1645030312, "_step": 99, "Loss test": 13.153982724753654, "_wandb": {"runtime": 318}}