{"Loss Train": 59.73967096427716, "_runtime": 17, "_timestamp": 1645030699, "_step": 99, "Loss test": 47.57489486494161, "_wandb": {"runtime": 18}}